{"cameraMode":{"drawMode":0,"name":"Shaded","section":"Shading Mode"},"sceneLighting":false,"audioPlay":false,"sceneViewState":{"m_AlwaysRefresh":false,"showFog":true,"showSkybox":false,"showFlares":true,"showImageEffects":true,"showParticleSystems":true,"showVisualEffectGraphs":true,"m_FxEnabled":true},"in2DMode":false,"pivot":{"x":0.0001793503761291504,"y":0.7699198722839356,"z":-0.060363709926605228},"rotation":{"x":-0.0012315100757405162,"y":0.9984185695648193,"z":-0.024275939911603929,"w":-0.05066271871328354},"size":1.108618140220642,"orthographic":false}